ENG_SUB_SERIES,ENG_MASTER_SERIES,ENG_MANUFACTURER
AE 2100D2,AE3007,Rolls-Royce
AE 2100D3,AE3007,Rolls-Royce
AE 3007A,AE3007,Rolls-Royce
AE 3007A1,AE3007,Rolls-Royce
AE 3007A1/1,AE3007,Rolls-Royce
AE 3007A1/2,AE3007,Rolls-Royce
AE 3007A1/3,AE3007,Rolls-Royce
AE 3007A1E,AE3007,Rolls-Royce
AE 3007A1P,AE3007,Rolls-Royce
AE 3007A2,AE3007,Rolls-Royce
AE 3007A3,AE3007,Rolls-Royce
AE 3007C1,AE3007,Rolls-Royce
AE 3007C2,AE3007,Rolls-Royce
AI-20,AI20,Ivchenko
AI-20A,AI20,Ivchenko
AI-20D,AI20,Ivchenko
AI-20D SRS 3,AI20,Ivchenko
AI-20D SRS 4,AI20,Ivchenko
AI-20D-5,AI20,Ivchenko
AI-20K,AI20,Ivchenko
AI-20M,AI20,Ivchenko
AI-24T,AI24,Ivchenko
AI-24VT,AI24,Ivchenko
AI-25,AI25,Ivchenko
AL-7PB,AL-7,Lyulka
ALF502D,ALF502,Textron-Lycoming (AVCO)
ALF502L-2C,ALF502,Textron-Lycoming (AVCO)
ALF502L-5C,ALF502,Textron-Lycoming (AVCO)
ALF502R-3,ALF502,Textron-Lycoming (AVCO)
ALF502R-3A,ALF502,Textron-Lycoming (AVCO)
ALF502R-5,ALF502,Textron-Lycoming (AVCO)
ALF502R-5-10,ALF502,Textron-Lycoming (AVCO)
AS907-1-1A (HTF7000),AS900,Honeywell
AS907-2-1A (HTF7350),AS900,Honeywell
AS907-2-1G (HTF7250G),AS900,Honeywell
AS907-2-1S (HTF7700L),AS900,Honeywell
AS907-3-1E (HTF7500E),AS900,Honeywell
AS977-1A,AS900,Honeywell
ASH-82T,ASH,Shvetsov
ASN 250-B17B,ASN250,Allison
ASN 250-B17F/2,ASN250,Rolls-Royce
ASN 501-D13,ASN501,Allison
ASN 501-D13A,ASN501,Allison
ASN 501-D13D,ASN501,Allison
ASN 501-D13H,ASN501,Allison
ASN 501-D15,ASN501,Allison
ASN 501-D22,ASN501,Allison
ASN 501-D22A,ASN501,Allison
ASN 501-D22C,ASN501,Allison
ASN 501-D22G,ASN501,Allison
ASN 501-D36,ASN501,Allison
ASTAFAN IVF6,ASTAFANIV,Turbomeca
ASTAZOU IIE,ASTAZOU,Turbomeca
ASTAZOU IIK,ASTAZOU,Turbomeca
ASTAZOU X,ASTAZOU,Turbomeca
ASTAZOU XII,ASTAZOU,Turbomeca
ASTAZOU XIIE,ASTAZOU,Turbomeca
ASTAZOU XIV,ASTAZOU,Turbomeca
ASTAZOU XIV.C,ASTAZOU,Turbomeca
ASTAZOU XIV.C1,ASTAZOU,Turbomeca
ASTAZOU XVI,ASTAZOU,Turbomeca
ASTAZOU XVI.C1,ASTAZOU,Turbomeca
ASTAZOU XVI.D,ASTAZOU,Turbomeca
ASTAZOU XVI.F1,ASTAZOU,Turbomeca
ATF3-6A-4C,ATF3,Garrett-AiResearch
AVON 117,AVON,Rolls-Royce
AVON 502,AVON,Rolls-Royce
AVON 522,AVON,Rolls-Royce
AVON 524,AVON,Rolls-Royce
AVON 525B,AVON,Rolls-Royce
AVON 527,AVON,Rolls-Royce
AVON 527B,AVON,Rolls-Royce
AVON 531B,AVON,Rolls-Royce
AVON 532R,AVON,Rolls-Royce
AVON 533R,AVON,Rolls-Royce
BASTAN VIC,BASTANVI,Turbomeca
BASTAN VII,BASTANVI,Turbomeca
BASTAN VIIC,BASTANVI,Turbomeca
BR700-710C4-11,BR700,Rolls-Royce
BR700-710D5 (PEARL 700),BR700,Rolls-Royce
BR700-710D5-21 (PEARL 15),BR700,Rolls-Royce
BR700-725A1-12,BR700,Rolls-Royce
BR700-730 (PEARL 700),BR700,Rolls-Royce
CAE 382-10E,CAE382,Teledyne
CENTAURUS,CENTAURUS,Bristol
CF34-10A,CF34,General Electric
CF34-10E,CF34,General Electric
CF34-10E5A1G05,CF34,General Electric
CF34-10E5A1G07,CF34,General Electric
CF34-10E5G05,CF34,General Electric
CF34-10E5G07,CF34,General Electric
CF34-10E6A1G05,CF34,General Electric
CF34-10E6A1G07,CF34,General Electric
CF34-10E6G05,CF34,General Electric
CF34-10E6G07,CF34,General Electric
CF34-10E7B,CF34,General Electric
CF34-10E7G05,CF34,General Electric
CF34-10E7G07,CF34,General Electric
CF34-1A,CF34,General Electric
CF34-3A,CF34,General Electric
CF34-3A1,CF34,General Electric
CF34-3A2,CF34,General Electric
CF34-3B,CF34,General Electric
CF34-3B1,CF34,General Electric
CF34-8C1,CF34,General Electric
CF34-8C5,CF34,General Electric
CF34-8C5A1,CF34,General Electric
CF34-8C5B1,CF34,General Electric
CF34-8D1,CF34,General Electric
CF34-8E5,CF34,General Electric
CF34-8E5A1G01,CF34,General Electric
CF34-8E5G01,CF34,General Electric
CF6-45A2,CF6,General Electric
CF6-50A,CF6,General Electric
CF6-50C,CF6,General Electric
CF6-50C1,CF6,General Electric
CF6-50C2,CF6,General Electric
CF6-50C2B,CF6,General Electric
CF6-50C2F,CF6,General Electric
CF6-50C2R,CF6,General Electric
CF6-50E1,CF6,General Electric
CF6-50E2,CF6,General Electric
CF6-6D,CF6,General Electric
CF6-6D1A,CF6,General Electric
CF6-6K,CF6,General Electric
CF6-80A,CF6,General Electric
CF6-80A2,CF6,General Electric
CF6-80A3,CF6,General Electric
CF6-80C2,CF6,General Electric
CF6-80C2A1,CF6,General Electric
CF6-80C2A2,CF6,General Electric
CF6-80C2A3,CF6,General Electric
CF6-80C2A5,CF6,General Electric
CF6-80C2A5F,CF6,General Electric
CF6-80C2A8,CF6,General Electric
CF6-80C2B,CF6,General Electric
CF6-80C2B1,CF6,General Electric
CF6-80C2B1F,CF6,General Electric
CF6-80C2B2,CF6,General Electric
CF6-80C2B2F,CF6,General Electric
CF6-80C2B4,CF6,General Electric
CF6-80C2B4F,CF6,General Electric
CF6-80C2B4FA,CF6,General Electric
CF6-80C2B5F,CF6,General Electric
CF6-80C2B6,CF6,General Electric
CF6-80C2B6F,CF6,General Electric
CF6-80C2B7,CF6,General Electric
CF6-80C2B7F,CF6,General Electric
CF6-80C2B8F,CF6,General Electric
CF6-80C2B8FG01,CF6,General Electric
CF6-80C2D1F,CF6,General Electric
CF6-80E1A2,CF6,General Electric
CF6-80E1A3,CF6,General Electric
CF6-80E1A4,CF6,General Electric
CF6-80E1A4B,CF6,General Electric
CF700-2C,CF700,General Electric
CF700-2D,CF700,General Electric
CF700-2D-2,CF700,General Electric
CFE738-1-1B,CFE738,General Electric + Allied Signal
CFM56-2C1,CFM56,CFM International
CFM56-2C3,CFM56,CFM International
CFM56-3B1,CFM56,CFM International
CFM56-3B2,CFM56,CFM International
CFM56-3C1,CFM56,CFM International
CFM56-5A1,CFM56,CFM International
CFM56-5A1/F,CFM56,CFM International
CFM56-5A3,CFM56,CFM International
CFM56-5A4,CFM56,CFM International
CFM56-5A5,CFM56,CFM International
CFM56-5A5/F,CFM56,CFM International
CFM56-5B1,CFM56,CFM International
CFM56-5B1/2,CFM56,CFM International
CFM56-5B1/2P,CFM56,CFM International
CFM56-5B1/3,CFM56,CFM International
CFM56-5B1/P,CFM56,CFM International
CFM56-5B2,CFM56,CFM International
CFM56-5B2/3,CFM56,CFM International
CFM56-5B2/P,CFM56,CFM International
CFM56-5B3/2P,CFM56,CFM International
CFM56-5B3/3,CFM56,CFM International
CFM56-5B3/3B1,CFM56,CFM International
CFM56-5B3/3P,CFM56,CFM International
CFM56-5B3/P,CFM56,CFM International
CFM56-5B4,CFM56,CFM International
CFM56-5B4/2,CFM56,CFM International
CFM56-5B4/2P,CFM56,CFM International
CFM56-5B4/3,CFM56,CFM International
CFM56-5B4/P,CFM56,CFM International
CFM56-5B5/3,CFM56,CFM International
CFM56-5B5/P,CFM56,CFM International
CFM56-5B6/2,CFM56,CFM International
CFM56-5B6/2P,CFM56,CFM International
CFM56-5B6/3,CFM56,CFM International
CFM56-5B6/P,CFM56,CFM International
CFM56-5B7/3,CFM56,CFM International
CFM56-5B7/P,CFM56,CFM International
CFM56-5B8/3,CFM56,CFM International
CFM56-5B8/P,CFM56,CFM International
CFM56-5B9/3,CFM56,CFM International
CFM56-5B9/P,CFM56,CFM International
CFM56-5C2,CFM56,CFM International
CFM56-5C2/F,CFM56,CFM International
CFM56-5C2/G,CFM56,CFM International
CFM56-5C3,CFM56,CFM International
CFM56-5C3/F,CFM56,CFM International
CFM56-5C3/G,CFM56,CFM International
CFM56-5C4,CFM56,CFM International
CFM56-5C4/P,CFM56,CFM International
CFM56-7B20,CFM56,CFM International
CFM56-7B20/3,CFM56,CFM International
CFM56-7B20E,CFM56,CFM International
CFM56-7B22,CFM56,CFM International
CFM56-7B22/3,CFM56,CFM International
CFM56-7B22E,CFM56,CFM International
CFM56-7B22E3,CFM56,CFM International
CFM56-7B24,CFM56,CFM International
CFM56-7B24/3,CFM56,CFM International
CFM56-7B24E,CFM56,CFM International
CFM56-7B26,CFM56,CFM International
CFM56-7B26/3,CFM56,CFM International
CFM56-7B26/B1,CFM56,CFM International
CFM56-7B26E,CFM56,CFM International
CFM56-7B27,CFM56,CFM International
CFM56-7B27/3,CFM56,CFM International
CFM56-7B27/3B1,CFM56,CFM International
CFM56-7B27/3B1F,CFM56,CFM International
CFM56-7B27/B1,CFM56,CFM International
CFM56-7B27E,CFM56,CFM International
CJ-805-23B,CJ805,General Electric
CJ-805-23C,CJ805,General Electric
CJ-805-3,CJ805,General Electric
CJ-805-3B,CJ805,General Electric
CJ610,CJ610,General Electric
CJ610-1,CJ610,General Electric
CJ610-4,CJ610,General Electric
CJ610-5,CJ610,General Electric
CJ610-6,CJ610,General Electric
CJ610-8A,CJ610,General Electric
CJ610-9,CJ610,General Electric
CONWAY 12,CONWAY,Rolls-Royce
CONWAY 42 MK540,CONWAY,Rolls-Royce
CONWAY 43 MK301,CONWAY,Rolls-Royce
CONWAY 43D MK550,CONWAY,Rolls-Royce
CT64-820-1,T64,General Electric
CT64-820-4,T64,General Electric
CT7-5A2,CT7,General Electric
CT7-7A,CT7,General Electric
CT7-7C,CT7,General Electric
CT7-9B,CT7,General Electric
CT7-9C,CT7,General Electric
CT7-9C3,CT7,General Electric
CT7-9D,CT7,General Electric
D-18T,D18,Lotarev
D-20P,D20,Soloviev
D-27,D20,Lotarev
D-30,D30,Soloviev
D-30-2,D30,Soloviev
D-30-3,D30,Soloviev
D-30KP,D30,Soloviev
D-30KP-2,D30,Soloviev
D-30KU,D30,Soloviev
D-30KU-154-II,D30,Soloviev
D-36,D30,Lotarev
D-36-2A,D30,Lotarev
D-36-3A,D30,Lotarev
D-436-148,D-436,Lotarev
D-436-148FM,D-436,Lotarev
D-436K,D-436,Lotarev
D-436T1,D-436,Lotarev
D-436TP,D-436,Lotarev
DART 1 MK 502,DART,Rolls-Royce
DART 10 MK 542,DART,Rolls-Royce
DART 10 MK 542B,DART,Rolls-Royce
DART 10 MK 542J/K,DART,Rolls-Royce
DART 10 MK 542K,DART,Rolls-Royce
DART 10 MK 543,DART,Rolls-Royce
DART 12 MK 201C,DART,Rolls-Royce
DART 12 MK 301,DART,Rolls-Royce
DART 3 MK 505,DART,Rolls-Royce
DART 3 MK 506,DART,Rolls-Royce
DART 529-8E,DART,Rolls-Royce
DART 529-8X,DART,Rolls-Royce
DART 529-8Y,DART,Rolls-Royce
DART 529-8Z,DART,Rolls-Royce
DART 6 MK 510,DART,Rolls-Royce
DART 6 MK 511-7E,DART,Rolls-Royce
DART 6 MK 514,DART,Rolls-Royce
DART 6 MK 514-6,DART,Rolls-Royce
DART 6 MK 514-7,DART,Rolls-Royce
DART 6 MK 514-7E,DART,Rolls-Royce
DART 6 MK 517-7,DART,Rolls-Royce
DART 6 MK 528-7E,DART,Rolls-Royce
DART 6 MK 529-7E,DART,Rolls-Royce
DART 6 MK 532-7,DART,Rolls-Royce
DART 7 MK 520,DART,Rolls-Royce
DART 7 MK 525,DART,Rolls-Royce
DART 7 MK 527,DART,Rolls-Royce
DART 7 MK 528-7E,DART,Rolls-Royce
DART 7 MK 530,DART,Rolls-Royce
DART 7 MK 531,DART,Rolls-Royce
DART 7 MK 532-7,DART,Rolls-Royce
DART 7 MK 532-7E,DART,Rolls-Royce
DART 7 MK 532-7L,DART,Rolls-Royce
DART 7 MK 532-7N,DART,Rolls-Royce
DART 7 MK 532-7P,DART,Rolls-Royce
DART 7 MK 532-7R,DART,Rolls-Royce
DART 7 MK 532-9,DART,Rolls-Royce
DART 7 MK 533,DART,Rolls-Royce
DART 7 MK 533-2,DART,Rolls-Royce
DART 7 MK 534-2,DART,Rolls-Royce
DART 7 MK 535-2,DART,Rolls-Royce
DART 7 MK 535-7R,DART,Rolls-Royce
DART 7 MK 536-2,DART,Rolls-Royce
DART 7 MK 536-7R,DART,Rolls-Royce
DART 7 MK 552,DART,Rolls-Royce
DART 7 MK 552-7R,DART,Rolls-Royce
DART 8 MK 550-2,DART,Rolls-Royce
DART MK 526,DART,Rolls-Royce
DART MK 532-1,DART,Rolls-Royce
DART MK 542-4,DART,Rolls-Royce
DERWENT 5/17,DERWENT,Rolls-Royce
FJ33-1,FJ33,Williams
FJ33-4,FJ33,Williams
FJ33-4A,FJ33,Williams
FJ33-4A-15,FJ33,Williams
FJ33-4A-19,FJ33,Williams
FJ33-5A,FJ33,Williams
FJ44-1A,FJ44,Williams
FJ44-1AP,FJ44,Williams
FJ44-1AP-21,FJ44,Williams
FJ44-2A,FJ44,Williams
FJ44-2C,FJ44,Williams
FJ44-3A,FJ44,Williams
FJ44-3A-24,FJ44,Williams
FJ44-3AP,FJ44,Williams
FJ44-3AP-2A,FJ44,Williams
FJ44-4A,FJ44,Williams
FJ44-4A-32,FJ44,Williams
FJ44-4A-QPM,FJ44,Williams
GE90-110B1,GE90,General Electric
GE90-110B1L,GE90,General Electric
GE90-115B,GE90,General Electric
GE90-85B,GE90,General Electric
GE90-90B,GE90,General Electric
GE90-92B,GE90,General Electric
GE90-94B,GE90,General Electric
GE9X,GE9X,General Electric
GE9X-105B1A,GE9X,General Electric
GENX-1B64,GENX,General Electric
GENX-1B67,GENX,General Electric
GENX-1B70,GENX,General Electric
GENX-1B74,GENX,General Electric
GENX-1B76,GENX,General Electric
GENX-2B67,GENX,General Electric
GENX-2B67B,GENX,General Electric
GENX-2B76,GENX,General Electric
GHOST 50 MK.1,GHOST,Rolls-Royce
GHOST 50 MK.2,GHOST,Rolls-Royce
GHOST 50 MK.4,GHOST,Rolls-Royce
GP7270,GP7000,Engine Alliance
GP7270E,GP7000,Engine Alliance
H75-100,H75,General Electric
H80-200,H80,GE Aviation Czech
H85-200,H85,GE Aviation Czech
HF118,HF118,GE Honda
HF120,HF120,GE Honda
HOU SAI-6,HOU-SAI6,Hou-Sai
IGSO-540-B1A,IGSO-540,Textron-Lycoming (AVCO)
IO-470-D,IO470,Continental
IO-540-K1A5,IO540,Textron-Lycoming (AVCO)
IO-540-K1B5,IO540,Textron-Lycoming (AVCO)
IO-540-K1C5,IO540,Textron-Lycoming (AVCO)
IO-720,IO720,Textron-Lycoming (AVCO)
J34,J34,Westinghouse
J57-P-59W,J57,Pratt & Whitney
J60-P-3,J60,Pratt & Whitney Canada
J60-P-5,J60,Pratt & Whitney Canada
J85,J85,General Electric
JT12A-6,JT12,Pratt & Whitney Canada
JT12A-6A,JT12,Pratt & Whitney Canada
JT12A-8,JT12,Pratt & Whitney Canada
JT12A-8A,JT12,Pratt & Whitney Canada
JT12A-8N,JT12,Pratt & Whitney Canada
JT15D-1,JT15,Pratt & Whitney Canada
JT15D-1A,JT15,Pratt & Whitney Canada
JT15D-1B,JT15,Pratt & Whitney Canada
JT15D-4,JT15,Pratt & Whitney Canada
JT15D-4A,JT15,Pratt & Whitney Canada
JT15D-4B,JT15,Pratt & Whitney Canada
JT15D-4D,JT15,Pratt & Whitney Canada
JT15D-5,JT15,Pratt & Whitney Canada
JT15D-5A,JT15,Pratt & Whitney Canada
JT15D-5D,JT15,Pratt & Whitney Canada
JT3C-12,JT3,Pratt & Whitney
JT3C-6,JT3,Pratt & Whitney
JT3C-7,JT3,Pratt & Whitney
JT3D-1,JT3,Pratt & Whitney
JT3D-3,JT3,Pratt & Whitney
JT3D-3B,JT3,Pratt & Whitney
JT3D-7,JT3,Pratt & Whitney
JT4A-11,JT4,Pratt & Whitney
JT4A-12,JT4,Pratt & Whitney
JT4A-3,JT4,Pratt & Whitney
JT4A-9,JT4,Pratt & Whitney
JT8D-11,JT8D,Pratt & Whitney
JT8D-11A,JT8D,Pratt & Whitney
JT8D-15,JT8D,Pratt & Whitney
JT8D-15A,JT8D,Pratt & Whitney
JT8D-17,JT8D,Pratt & Whitney
JT8D-17A,JT8D,Pratt & Whitney
JT8D-17R,JT8D,Pratt & Whitney
JT8D-209,JT8D,Pratt & Whitney
JT8D-217,JT8D,Pratt & Whitney
JT8D-217A,JT8D,Pratt & Whitney
JT8D-217C,JT8D,Pratt & Whitney
JT8D-219,JT8D,Pratt & Whitney
JT8D-7,JT8D,Pratt & Whitney
JT8D-7A,JT8D,Pratt & Whitney
JT8D-7B,JT8D,Pratt & Whitney
JT8D-9,JT8D,Pratt & Whitney
JT8D-9A,JT8D,Pratt & Whitney
JT9D-20,JT9D,Pratt & Whitney
JT9D-20J,JT9D,Pratt & Whitney
JT9D-3A,JT9D,Pratt & Whitney
JT9D-59A,JT9D,Pratt & Whitney
JT9D-7,JT9D,Pratt & Whitney
JT9D-70A,JT9D,Pratt & Whitney
JT9D-7A,JT9D,Pratt & Whitney
JT9D-7AH,JT9D,Pratt & Whitney
JT9D-7ASP,JT9D,Pratt & Whitney
JT9D-7AW,JT9D,Pratt & Whitney
JT9D-7F,JT9D,Pratt & Whitney
JT9D-7F/J,JT9D,Pratt & Whitney
JT9D-7FW,JT9D,Pratt & Whitney
JT9D-7J,JT9D,Pratt & Whitney
JT9D-7Q,JT9D,Pratt & Whitney
JT9D-7Q3,JT9D,Pratt & Whitney
JT9D-7R4D,JT9D,Pratt & Whitney
JT9D-7R4E,JT9D,Pratt & Whitney
JT9D-7R4E1,JT9D,Pratt & Whitney
JT9D-7R4E4,JT9D,Pratt & Whitney
JT9D-7R4G2,JT9D,Pratt & Whitney
JT9D-7R4H1,JT9D,Pratt & Whitney
JT9D-7W,JT9D,Pratt & Whitney
LEAP-1A24,LEAP,CFM International
LEAP-1A26,LEAP,CFM International
LEAP-1A26CJ,LEAP,CFM International
LEAP-1A26E1,LEAP,CFM International
LEAP-1A29CJ,LEAP,CFM International
LEAP-1A30,LEAP,CFM International
LEAP-1A32,LEAP,CFM International
LEAP-1A33,LEAP,CFM International
LEAP-1B25,LEAP,CFM International
LEAP-1B27,LEAP,CFM International
LEAP-1B28,LEAP,CFM International
LEAP-1C,LEAP,CFM International
LF507-1F,LF507,Textron-Lycoming (AVCO)
LF507-1H,LF507,Textron-Lycoming (AVCO)
LTP101-700A-1A,LTP,Textron-Lycoming (AVCO)
M45H MK.501,M45HMK,Rolls-Royce
MAGNI500,MAGNIX,magniX
N/A,N/A,N/A
NK-12MA,NK12,Kuznetsov
NK-12MP,NK12,Kuznetsov
NK-12MV,NK12,Kuznetsov
NK-144,NK144,Kuznetsov
NK-144A,NK144,Kuznetsov
NK-321,NK321,Kuznetsov
NK-4,NK6,Kuznetsov
NK-8-2,NK8,Kuznetsov
NK-8-2U,NK8,Kuznetsov
NK-8-4,NK8,Kuznetsov
NK-86,NK86,Kuznetsov
NK-86A,NK86,Kuznetsov
O-540-E4C5,O540,Textron-Lycoming (AVCO)
OLYMPUS 593,OLYMPUS,Rolls-Royce
OLYMPUS 593 MK 610-14-28,OLYMPUS,Rolls-Royce
OLYMPUS 593-602,OLYMPUS,Rolls-Royce
ORPHEUS MK 703,ORPHEUS,Bristol-Siddeley
PASSPORT 20-19BB1A,PASSPORT,General Electric
PD-14,PD-14,Perm
PD-14A,PD-14,Perm
PRINA 014-A1,PRINA,Industriewerke Ludwigsfelde
PROTEUS 705,PROTEUS,Bristol-Siddeley
PROTEUS 755,PROTEUS,Bristol-Siddeley
PROTEUS 757,PROTEUS,Bristol-Siddeley
PROTEUS 761,PROTEUS,Bristol-Siddeley
PROTEUS 762,PROTEUS,Bristol-Siddeley
PROTEUS 765,PROTEUS,Bristol-Siddeley
PS-90A-76,PS90,Perm
PS-90A1,PS90,Soloviev
PS-90A2,PS90,Soloviev
PS-90AN,PS90,Perm
PS-90AT,PS90,Soloviev
PS-90P,PS90,Soloviev
PT6A,PT6,Pratt & Whitney Canada
PT6A-11,PT6,Pratt & Whitney Canada
PT6A-112,PT6,Pratt & Whitney Canada
PT6A-114,PT6,Pratt & Whitney Canada
PT6A-114A,PT6,Pratt & Whitney Canada
PT6A-135,PT6,Pratt & Whitney Canada
PT6A-135A,PT6,Pratt & Whitney Canada
PT6A-140,PT6,Pratt & Whitney Canada
PT6A-20,PT6,Pratt & Whitney Canada
PT6A-20A,PT6,Pratt & Whitney Canada
PT6A-21,PT6,Pratt & Whitney Canada
PT6A-27,PT6,Pratt & Whitney Canada
PT6A-27A,PT6,Pratt & Whitney Canada
PT6A-28,PT6,Pratt & Whitney Canada
PT6A-34,PT6,Pratt & Whitney Canada
PT6A-35,PT6,Pratt & Whitney Canada
PT6A-36,PT6,Pratt & Whitney Canada
PT6A-41,PT6,Pratt & Whitney Canada
PT6A-42,PT6,Pratt & Whitney Canada
PT6A-42A,PT6,Pratt & Whitney Canada
PT6A-45,PT6,Pratt & Whitney Canada
PT6A-45A,PT6,Pratt & Whitney Canada
PT6A-45B,PT6,Pratt & Whitney Canada
PT6A-45R,PT6,Pratt & Whitney Canada
PT6A-50,PT6,Pratt & Whitney Canada
PT6A-52,PT6,Pratt & Whitney Canada
PT6A-6,PT6,Pratt & Whitney Canada
PT6A-60,PT6,Pratt & Whitney Canada
PT6A-60A,PT6,Pratt & Whitney Canada
PT6A-61,PT6,Pratt & Whitney Canada
PT6A-64,PT6,Pratt & Whitney Canada
PT6A-65AR,PT6,Pratt & Whitney Canada
PT6A-65B,PT6,Pratt & Whitney Canada
PT6A-65R,PT6,Pratt & Whitney Canada
PT6A-65SC,PT6,Pratt & Whitney Canada
PT6A-66,PT6,Pratt & Whitney Canada
PT6A-66A,PT6,Pratt & Whitney Canada
PT6A-66B,PT6,Pratt & Whitney Canada
PT6A-66D,PT6,Pratt & Whitney Canada
PT6A-67,PT6,Pratt & Whitney Canada
PT6A-67A,PT6,Pratt & Whitney Canada
PT6A-67B,PT6,Pratt & Whitney Canada
PT6A-67D,PT6,Pratt & Whitney Canada
PT6A-67P,PT6,Pratt & Whitney Canada
PT6A-67R,PT6,Pratt & Whitney Canada
PT6A-67T,PT6,Pratt & Whitney Canada
PT6A-6A,PT6,Pratt & Whitney Canada
PT6B-35F,PT6,Pratt & Whitney Canada
PT6D-114A,PT6,Pratt & Whitney Canada
PT6E-67XP,PT6,Pratt & Whitney Canada
PW1124G-JM,PW1100G-JM,Pratt & Whitney
PW1127G-JM,PW1100G-JM,Pratt & Whitney
PW1127G1-JM,PW1100G-JM,Pratt & Whitney
PW1129G-JM,PW1100G-JM,Pratt & Whitney
PW1130G-JM,PW1100G-JM,Pratt & Whitney
PW1133G-JM,PW1100G-JM,Pratt & Whitney
PW1133GA-JM,PW1100G-JM,Pratt & Whitney
PW115,PW100,Pratt & Whitney Canada
PW118,PW100,Pratt & Whitney Canada
PW118A,PW100,Pratt & Whitney Canada
PW118B,PW100,Pratt & Whitney Canada
PW119B,PW100,Pratt & Whitney Canada
PW119C,PW100,Pratt & Whitney Canada
PW120,PW100,Pratt & Whitney Canada
PW120A,PW100,Pratt & Whitney Canada
PW121,PW100,Pratt & Whitney Canada
PW1217G,PW1200G,Pratt & Whitney
PW121A,PW100,Pratt & Whitney Canada
PW123,PW100,Pratt & Whitney Canada
PW123AF,PW100,Pratt & Whitney Canada
PW123B,PW100,Pratt & Whitney Canada
PW123C,PW100,Pratt & Whitney Canada
PW123D,PW100,Pratt & Whitney Canada
PW123E,PW100,Pratt & Whitney Canada
PW124B,PW100,Pratt & Whitney Canada
PW125B,PW100,Pratt & Whitney Canada
PW126,PW100,Pratt & Whitney Canada
PW126A,PW100,Pratt & Whitney Canada
PW127,PW100,Pratt & Whitney Canada
PW127A,PW100,Pratt & Whitney Canada
PW127B,PW100,Pratt & Whitney Canada
PW127C,PW100,Pratt & Whitney Canada
PW127D,PW100,Pratt & Whitney Canada
PW127E,PW100,Pratt & Whitney Canada
PW127F,PW100,Pratt & Whitney Canada
PW127G,PW100,Pratt & Whitney Canada
PW127H,PW100,Pratt & Whitney Canada
PW127J,PW100,Pratt & Whitney Canada
PW127M,PW100,Pratt & Whitney Canada
PW127N,PW100,Pratt & Whitney Canada
PW1431G-JM,PW1400G,Pratt & Whitney
PW150A,PW100,Pratt & Whitney Canada
PW150C,PW100,Pratt & Whitney Canada
PW1519G,PW1500G,Pratt & Whitney
PW1521G-3,PW1500G,Pratt & Whitney
PW1521GA,PW1500G,Pratt & Whitney
PW1524G,PW1500G,Pratt & Whitney
PW1524G-3,PW1500G,Pratt & Whitney
PW1700G,PW1700G,Pratt & Whitney
PW1919G,PW1900G,Pratt & Whitney
PW1921G,PW1900G,Pratt & Whitney
PW2037,PW2000,Pratt & Whitney
PW2037M,PW2000,Pratt & Whitney
PW2040,PW2000,Pratt & Whitney
PW305,PW300,Pratt & Whitney Canada
PW305A,PW300,Pratt & Whitney Canada
PW305B,PW300,Pratt & Whitney Canada
PW306A,PW300,Pratt & Whitney Canada
PW306B,PW300,Pratt & Whitney Canada
PW306C,PW300,Pratt & Whitney Canada
PW306D,PW300,Pratt & Whitney Canada
PW306D1,PW300,Pratt & Whitney Canada
PW307A,PW300,Pratt & Whitney Canada
PW307B,PW300,Pratt & Whitney Canada
PW307D,PW300,Pratt & Whitney Canada
PW308A,PW300,Pratt & Whitney Canada
PW308C,PW300,Pratt & Whitney Canada
PW4052,PW4000,Pratt & Whitney
PW4056,PW4000,Pratt & Whitney
PW4060,PW4000,Pratt & Whitney
PW4060-1,PW4000,Pratt & Whitney
PW4060-1/3,PW4000,Pratt & Whitney
PW4060-1C,PW4000,Pratt & Whitney
PW4060-3,PW4000,Pratt & Whitney
PW4060C,PW4000,Pratt & Whitney
PW4062,PW4000,Pratt & Whitney
PW4062-3,PW4000,Pratt & Whitney
PW4062A,PW4000,Pratt & Whitney
PW4074D,PW4000,Pratt & Whitney
PW4077,PW4000,Pratt & Whitney
PW4084,PW4000,Pratt & Whitney
PW4084D,PW4000,Pratt & Whitney
PW4090,PW4000,Pratt & Whitney
PW4152,PW4000,Pratt & Whitney
PW4156A,PW4000,Pratt & Whitney
PW4158,PW4000,Pratt & Whitney
PW4164,PW4000,Pratt & Whitney
PW4168,PW4000,Pratt & Whitney
PW4168A,PW4000,Pratt & Whitney
PW4168A-1D,PW4000,Pratt & Whitney
PW4170,PW4000,Pratt & Whitney
PW4460,PW4000,Pratt & Whitney
PW4462,PW4000,Pratt & Whitney
PW4462-3,PW4000,Pratt & Whitney
PW530A,PW500,Pratt & Whitney Canada
PW535A,PW500,Pratt & Whitney Canada
PW535B,PW500,Pratt & Whitney Canada
PW535E,PW500,Pratt & Whitney Canada
PW545A,PW500,Pratt & Whitney Canada
PW545B,PW500,Pratt & Whitney Canada
PW545C,PW500,Pratt & Whitney Canada
PW610,PW610,Pratt & Whitney Canada
PW610F-A,PW610,Pratt & Whitney Canada
PW6122A,PW6000,Pratt & Whitney
PW6124A,PW6000,Pratt & Whitney
PW615F-A,PW610,Pratt & Whitney Canada
PW617F-1E,PW610,Pratt & Whitney Canada
PW617F-E,PW610,Pratt & Whitney Canada
PW814GA,PW800,Pratt & Whitney Canada
PW815GA,PW800,Pratt & Whitney Canada
R-2000-11,R2000,Pratt & Whitney
R-2600,R2600,Pratt & Whitney
R-2800-34M1,R2800,Pratt & Whitney
R-2800-43,R2800,Pratt & Whitney
R-2800-51,R2800,Pratt & Whitney
R-2800-75,R2800,Pratt & Whitney
R-2800-83AM4A,R2800,Pratt & Whitney
R-2800-97,R2800,Pratt & Whitney
R-2800-99W,R2800,Pratt & Whitney
R-2800-CA15,R2800,Pratt & Whitney
R-2800-CA18,R2800,Pratt & Whitney
R-2800-CA3,R2800,Pratt & Whitney
R-2800-CB16,R2800,Pratt & Whitney
R-2800-CB17,R2800,Pratt & Whitney
R-2800-CB3,R2800,Pratt & Whitney
R-2800-SC14G,R2800,Pratt & Whitney
R-2800C,R2800,Pratt & Whitney
R-2888-97,R2800,Pratt & Whitney
R-3350-18BA1,R3350,Curtiss-Wright
R-3350-18BA3,R3350,Curtiss-Wright
R-3350-18BD1,R3350,Curtiss-Wright
R-3350-18DA1,R3350,Curtiss-Wright
R-3350-18DA3,R3350,Curtiss-Wright
R-3350-18DA4,R3350,Curtiss-Wright
R-3350-18EA1,R3350,Curtiss-Wright
R-3350-18EA2,R3350,Curtiss-Wright
R-3350-18EA3,R3350,Curtiss-Wright
R-3350-34,R3350,Curtiss-Wright
R-3350-75,R3350,Curtiss-Wright
R-3350-91,R3350,Curtiss-Wright
R-4360,R4300,Pratt & Whitney
R2180 TWIN WASP,TWINWASP,Pratt & Whitney
RB211-22B,RB211,Rolls-Royce
RB211-22B-02,RB211,Rolls-Royce
RB211-524B,RB211,Rolls-Royce
RB211-524B-02,RB211,Rolls-Royce
RB211-524B2,RB211,Rolls-Royce
RB211-524B2-02,RB211,Rolls-Royce
RB211-524B4,RB211,Rolls-Royce
RB211-524B4-02,RB211,Rolls-Royce
RB211-524B4I,RB211,Rolls-Royce
RB211-524C2,RB211,Rolls-Royce
RB211-524D4,RB211,Rolls-Royce
RB211-524D4-19,RB211,Rolls-Royce
RB211-524D4XB,RB211,Rolls-Royce
RB211-524G,RB211,Rolls-Royce
RB211-524G/H-T,RB211,Rolls-Royce
RB211-524G/H2-T,RB211,Rolls-Royce
RB211-524G2-T,RB211,Rolls-Royce
RB211-524G3-T,RB211,Rolls-Royce
RB211-524H,RB211,Rolls-Royce
RB211-524H2,RB211,Rolls-Royce
RB211-524H2T-19,RB211,Rolls-Royce
RB211-524HT,RB211,Rolls-Royce
RB211-535C,RB211,Rolls-Royce
RB211-535E4,RB211,Rolls-Royce
RB211-535E4-37,RB211,Rolls-Royce
RB211-535E4-B,RB211,Rolls-Royce
RB211-535E4-C,RB211,Rolls-Royce
RD-3,RD3,Mikulin
RD-3M,RD3,Mikulin
RD-3M-500,RD3,Mikulin
RD-9B,RD-9B,Tumansky
RD36-51A,RD36,Kolesov
SILVERCREST SC-1D,SILVERCREST,SNECMA
SPEY 250,SPEY,Rolls-Royce
SPEY MK 505-5,SPEY,Rolls-Royce
SPEY MK 506,SPEY,Rolls-Royce
SPEY MK 506-14D,SPEY,Rolls-Royce
SPEY MK 511,SPEY,Rolls-Royce
SPEY MK 511-14,SPEY,Rolls-Royce
SPEY MK 511-14D,SPEY,Rolls-Royce
SPEY MK 511-14W,SPEY,Rolls-Royce
SPEY MK 511-5,SPEY,Rolls-Royce
SPEY MK 511-8,SPEY,Rolls-Royce
SPEY MK 512,SPEY,Rolls-Royce
SPEY MK 512-14D,SPEY,Rolls-Royce
SPEY MK 512-14DW,SPEY,Rolls-Royce
SPEY MK 512-5,SPEY,Rolls-Royce
SPEY MK 512-5W,SPEY,Rolls-Royce
SPEY MK 512DW,SPEY,Rolls-Royce
SPEY MK 555-15,SPEY,Rolls-Royce
SPEY MK 555-15H,SPEY,Rolls-Royce
SPEY MK 555-15N,SPEY,Rolls-Royce
SPEY MK 555-15P,SPEY,Rolls-Royce
T34-P6,T34,Pratt & Whitney
T56-A-1,T56,Allison
T56-A-10W,T56,Allison
T56-A-11,T56,Allison
T56-A-11B,T56,Allison
T56-A-14,T56,Allison
T56-A-15,T56,Allison
T56-A-15LFE,T56,Allison
T56-A-7,T56,Allison
T56-A-7B,T56,Allison
T56-A-9D,T56,Allison
T64-GE-10,T64,General Electric
T64-GE-P4D,T64,General Electric
TAY 1,TAY1,Rolls-Royce
TAY MK. 610-8,TAY600,Rolls-Royce
TAY MK. 611-8,TAY600,Rolls-Royce
TAY MK. 611-8C,TAY600,Rolls-Royce
TAY MK. 620-15,TAY600,Rolls-Royce
TAY MK. 650-14,TAY600,Rolls-Royce
TAY MK. 650-15,TAY600,Rolls-Royce
TAY MK. 651-54,TAY600,Rolls-Royce
TEO-540-C1A,TIO-540,Textron-Lycoming (AVCO)
TFE331-3,TFE731,Honeywell
TFE731-2-1C,TFE731,Garrett-AiResearch
TFE731-2-2A,TFE731,Garrett-AiResearch
TFE731-2-2C,TFE731,Garrett-AiResearch
TFE731-20BR-1B,TFE731,Honeywell
TFE731-20R-1B,TFE731,Honeywell
TFE731-2C-1C,TFE731,Garrett-AiResearch
TFE731-2C-2B,TFE731,Garrett-AiResearch
TFE731-2C-3B,TFE731,Honeywell
TFE731-3,TFE731,Honeywell
TFE731-3-1C,TFE731,Garrett-AiResearch
TFE731-3-1D,TFE731,Garrett-AiResearch
TFE731-3-1E,TFE731,Garrett-AiResearch
TFE731-3-1F,TFE731,Garrett-AiResearch
TFE731-3-1G,TFE731,Garrett-AiResearch
TFE731-3-1H,TFE731,Garrett-AiResearch
TFE731-3-1K,TFE731,Garrett-AiResearch
TFE731-3-2B,TFE731,Garrett-AiResearch
TFE731-3-2C,TFE731,Garrett-AiResearch
TFE731-3-3G,TFE731,Garrett-AiResearch
TFE731-3A-200G,TFE731,Garrett-AiResearch
TFE731-3A-2B,TFE731,Garrett-AiResearch
TFE731-3AR-2B,TFE731,Garrett-AiResearch
TFE731-3AR-2B1,TFE731,Garrett-AiResearch
TFE731-3B-100G,TFE731,Garrett-AiResearch
TFE731-3B-100S,TFE731,Garrett-AiResearch
TFE731-3C-100S,TFE731,Garrett-AiResearch
TFE731-3C-200G,TFE731,Garrett-AiResearch
TFE731-3CR-100S,TFE731,Garrett-AiResearch
TFE731-3CR-3B,TFE731,Garrett-AiResearch
TFE731-3D-1C,TFE731,Garrett-AiResearch
TFE731-3D-1G,TFE731,Garrett-AiResearch
TFE731-3D-1H,TFE731,Garrett-AiResearch
TFE731-3DR-1H,TFE731,Garrett-AiResearch
TFE731-3R-1D,TFE731,Garrett-AiResearch
TFE731-3R-1H,TFE731,Garrett-AiResearch
TFE731-3R-3D,TFE731,Garrett-AiResearch
TFE731-4-1C,TFE731,Garrett-AiResearch
TFE731-40,TFE731,Garrett-AiResearch
TFE731-40AR-200G,TFE731,Honeywell
TFE731-40BR,TFE731,Honeywell
TFE731-40BR-1B,TFE731,Honeywell
TFE731-50R,TFE731,Honeywell
TFE731-5AR-1C2,TFE731,Garrett-AiResearch
TFE731-5AR-2C,TFE731,Garrett-AiResearch
TFE731-5BR-1C2,TFE731,Garrett-AiResearch
TFE731-5BR-2C,TFE731,Garrett-AiResearch
TFE731-5R-1H,TFE731,Garrett-AiResearch
TIO-540-AH1A,TIO-540,Textron-Lycoming (AVCO)
TPE331-1-100,TPE331,Garrett-AiResearch
TPE331-1-101F,TPE331,Garrett-AiResearch
TPE331-1-151A,TPE331,Garrett-AiResearch
TPE331-1-151G,TPE331,Garrett-AiResearch
TPE331-1-151K,TPE331,Garrett-AiResearch
TPE331-10-252D,TPE331,Garrett-AiResearch
TPE331-10-501C,TPE331,Garrett-AiResearch
TPE331-10-501K,TPE331,Garrett-AiResearch
TPE331-10-501M,TPE331,Garrett-AiResearch
TPE331-10-511C,TPE331,Garrett-AiResearch
TPE331-10-511K,TPE331,Garrett-AiResearch
TPE331-10-511S,TPE331,Honeywell
TPE331-10-512C,TPE331,Garrett-AiResearch
TPE331-10-513K,TPE331,Garrett-AiResearch
TPE331-10-534S,TPE331,Honeywell
TPE331-10AV-511B,TPE331,Honeywell
TPE331-10GR-515H,TPE331,Garrett-AiResearch
TPE331-10GT,TPE331,Honeywell
TPE331-10GT-511D,TPE331,Garrett-AiResearch
TPE331-10N-514-10,TPE331,Honeywell
TPE331-10N-515SA,TPE331,Honeywell
TPE331-10N-533S,TPE331,Garrett-AiResearch
TPE331-10P-511D,TPE331,Garrett-AiResearch
TPE331-10R-501C,TPE331,Garrett-AiResearch
TPE331-10R-511C,TPE331,Garrett-AiResearch
TPE331-10R-512S,TPE331,Garrett-AiResearch
TPE331-10R-513C,TPE331,Garrett-AiResearch
TPE331-10T-511D,TPE331,Garrett-AiResearch
TPE331-10T-511M,TPE331,Honeywell
TPE331-10T-512K,TPE331,Garrett-AiResearch
TPE331-10T-513K,TPE331,Garrett-AiResearch
TPE331-10U-303G,TPE331,Garrett-AiResearch
TPE331-10U-501G,TPE331,Garrett-AiResearch
TPE331-10U-502G,TPE331,Garrett-AiResearch
TPE331-10U-503G,TPE331,Garrett-AiResearch
TPE331-10U-511G,TPE331,Garrett-AiResearch
TPE331-10U-512G,TPE331,Garrett-AiResearch
TPE331-10U-513G,TPE331,Garrett-AiResearch
TPE331-10UA,TPE331,Garrett-AiResearch
TPE331-10UA-511,TPE331,Garrett-AiResearch
TPE331-10UA-511G,TPE331,Garrett-AiResearch
TPE331-10UA-511G-10,TPE331,Garrett-AiResearch
TPE331-10UA-512G,TPE331,Garrett-AiResearch
TPE331-10UF-511,TPE331,Garrett-AiResearch
TPE331-10UF-511H,TPE331,Garrett-AiResearch
TPE331-10UF-512,TPE331,Garrett-AiResearch
TPE331-10UF-513,TPE331,Garrett-AiResearch
TPE331-10UF-513H,TPE331,Garrett-AiResearch
TPE331-10UF-516H,TPE331,Garrett-AiResearch
TPE331-10UG-513,TPE331,Garrett-AiResearch
TPE331-10UG-513H,TPE331,Garrett-AiResearch
TPE331-10UG-514,TPE331,Garrett-AiResearch
TPE331-10UG-514H,TPE331,Garrett-AiResearch
TPE331-10UG-515H,TPE331,Garrett-AiResearch
TPE331-10UG-516,TPE331,Garrett-AiResearch
TPE331-10UG-516H,TPE331,Garrett-AiResearch
TPE331-10UGR-513,TPE331,Garrett-AiResearch
TPE331-10UGR-513H,TPE331,Garrett-AiResearch
TPE331-10UGR-514H,TPE331,Garrett-AiResearch
TPE331-10UGR-515H,TPE331,Garrett-AiResearch
TPE331-10UGR-516H,TPE331,Garrett-AiResearch
TPE331-10UR-513,TPE331,Garrett-AiResearch
TPE331-10UR-513H,TPE331,Garrett-AiResearch
TPE331-10UR-516H,TPE331,Garrett-AiResearch
TPE331-10V-511B,TPE331,Garrett-AiResearch
TPE331-11U-511G,TPE331,Garrett-AiResearch
TPE331-11U-601G,TPE331,Garrett-AiResearch
TPE331-11U-611G,TPE331,Garrett-AiResearch
TPE331-11U-612G,TPE331,Garrett-AiResearch
TPE331-11UA-601G,TPE331,Garrett-AiResearch
TPE331-12JR,TPE331,Garrett-AiResearch
TPE331-12U-701G,TPE331,Garrett-AiResearch
TPE331-12UA-701,TPE331,Garrett-AiResearch
TPE331-12UA-702H,TPE331,Garrett-AiResearch
TPE331-12UA-703H,TPE331,Garrett-AiResearch
TPE331-12UA-705,TPE331,Garrett-AiResearch
TPE331-12UAR-701,TPE331,Garrett-AiResearch
TPE331-12UAR-701G,TPE331,Garrett-AiResearch
TPE331-12UAR-701H,TPE331,Garrett-AiResearch
TPE331-12UAR-702H,TPE331,Garrett-AiResearch
TPE331-12UAR-703H,TPE331,Garrett-AiResearch
TPE331-12UAR-704,TPE331,Garrett-AiResearch
TPE331-12UAR-705H,TPE331,Garrett-AiResearch
TPE331-12UGR-514H,TPE331,Garrett-AiResearch
TPE331-12UH-701G,TPE331,Garrett-AiResearch
TPE331-12UH-702,TPE331,Garrett-AiResearch
TPE331-12UHR-701,TPE331,Garrett-AiResearch
TPE331-12UHR-701G,TPE331,Garrett-AiResearch
TPE331-12UHR-701H,TPE331,Garrett-AiResearch
TPE331-12UHR-702H,TPE331,Garrett-AiResearch
TPE331-12UHR-703H,TPE331,Garrett-AiResearch
TPE331-12UHR-704H,TPE331,Garrett-AiResearch
TPE331-14A/B,TPE331,Garrett-AiResearch
TPE331-14G-HR-802H,TPE331,Garrett-AiResearch
TPE331-14G-HR-805H,TPE331,Garrett-AiResearch
TPE331-14GR-802H,TPE331,Garrett-AiResearch
TPE331-14GR-805H,TPE331,Garrett-AiResearch
TPE331-14GR-807H,TPE331,Garrett-AiResearch
TPE331-14HR-801H,TPE331,Garrett-AiResearch
TPE331-14HR-802H,TPE331,Garrett-AiResearch
TPE331-14HR-805H,TPE331,Garrett-AiResearch
TPE331-14HR-807H,TPE331,Garrett-AiResearch
TPE331-14HR-901H,TPE331,Garrett-AiResearch
TPE331-2-201A,TPE331,Garrett-AiResearch
TPE331-25A,TPE331,Garrett-AiResearch
TPE331-25D,TPE331,Garrett-AiResearch
TPE331-2U-203,TPE331,Garrett-AiResearch
TPE331-3U-303G,TPE331,Garrett-AiResearch
TPE331-3UW-303G,TPE331,Garrett-AiResearch
TPE331-3UW-304G,TPE331,Garrett-AiResearch
TPE331-3W-3,TPE331,Garrett-AiResearch
TPE331-43,TPE331,Garrett-AiResearch
TPE331-5-251C,TPE331,Garrett-AiResearch
TPE331-5-251K,TPE331,Garrett-AiResearch
TPE331-5-252M,TPE331,Garrett-AiResearch
TPE331-5-254K,TPE331,Garrett-AiResearch
TPE331-5A-252D,TPE331,Garrett-AiResearch
TPE331-6-10,TPE331,Garrett-AiResearch
TPE331-6-251B,TPE331,Garrett-AiResearch
TPE331-6-251M,TPE331,Garrett-AiResearch
TPE331-6-252B,TPE331,Garrett-AiResearch
TPE331-6-252T,TPE331,Garrett-AiResearch
TPE331-8-401S,TPE331,Garrett-AiResearch
TPE331-8-402S,TPE331,Garrett-AiResearch
TPE331-8-403S,TPE331,Garrett-AiResearch
TPE331-8-511S,TPE331,Honeywell
TPF351-20,TPF351,Garrett-AiResearch
TRENT 1000-D2,Trent 1000,Rolls-Royce
TRENT 1000-G,Trent 1000,Rolls-Royce
TRENT 1000-J2,,Rolls-Royce
TRENT XWB-74,Trent XWB,Rolls-Royce
TRENT XWB-83,Trent XWB,Rolls-Royce
TRENT XWB-92,Trent XWB,Rolls-Royce
TSIO-520-E,TSIO,Teledyne Continental
TSIO-520-VB,TSIO,Teledyne Continental
TSIO-550-B,TSIO,Teledyne Continental
TV-3-117VMA,TV3,Klimov
TV7-117C,TV7,Klimov
TV7-117SM-01,TV7,Klimov
TV7-117ST,TV7,Klimov
TVD-10B,TVD-10,PZL-Mielec
TVD-10S,TVD-10,PZL-Mielec
TVD-20-03,TVD-20,Isotov
TVD-850,TVD-850,Isotov
TWD-10,TWD-10,Glushenkov
TYNE 20 MK 22,TYNE,Rolls-Royce
TYNE 515/10,TYNE,Rolls-Royce
TYNE 515/12,TYNE,Rolls-Royce
TYNE MK 506,TYNE,Rolls-Royce
TYNE MK 506-10,TYNE,Rolls-Royce
TYNE MK 512,TYNE,Rolls-Royce
TYNE MK 515-101W,TYNE,Rolls-Royce
V2500-A1,V2500,International Aero Engines
V2522-A5,V2500,International Aero Engines
V2524-A5,V2500,International Aero Engines
V2525-D5,V2500,International Aero Engines
V2527-A5,V2500,International Aero Engines
V2527E-A5,V2500,International Aero Engines
V2527M-A5,V2500,International Aero Engines
V2528-D5,V2500,International Aero Engines
V2530-A5,V2500,International Aero Engines
V2533-A5,V2500,International Aero Engines
VIPER MK.520,VIPER,Rolls-Royce
VIPER MK.521,VIPER,Rolls-Royce
VIPER MK.522,VIPER,Rolls-Royce
VIPER MK.526,VIPER,Bristol-Siddeley
VIPER MK.601,VIPER,Rolls-Royce
VIPER MK.601-22,VIPER,Rolls-Royce
WASP 2SD13-G,WASP,Pratt & Whitney
WS-20,WS-20,AVIC
YF-102,ALF502,Textron-Lycoming (AVCO)
AE 2100A,AE2100,Rolls-Royce
AE 2100C,AE2100,Rolls-Royce
AE 3007C,AE3007,Rolls-Royce
ASN 250-B17C,ASN250,Rolls-Royce
ASN 250-B17F,ASN250,Rolls-Royce
BR700-710A1-10,BR700,Rolls-Royce
BR700-710A2-20,BR700,Rolls-Royce
BR700-715A1-30,BR700,Rolls-Royce
BR700-715C1-30,BR700,Rolls-Royce
BR715A1-30,BR700,Rolls-Royce
BR715C1-30,BR700,Rolls-Royce
G.Q. 30 MK.2,GQ30,De Havilland
M601,M600,Walter - Motorlet
M601A,M600,Walter - Motorlet
M601B,M600,Walter - Motorlet
M601D,M600,Walter - Motorlet
M601E,M600,Walter - Motorlet
M601E-11,M600,Walter - Motorlet
M601E-11A,M600,Walter - Motorlet
M601F,M600,Walter - Motorlet
M601F-11,M600,Walter - Motorlet
M602,M600,Walter - Motorlet
PS-90A,PS90,Perm
SAM146-1S17,SAM146,Powerjet
SAM146-1S18,SAM146,Powerjet
TFE731-2-2B,TFE731,Honeywell
TFE731-2-3B,TFE731,Honeywell
TFE731-20AR,TFE731,Honeywell
TFE731-20AR-1B,TFE731,Honeywell
TFE731-20R,TFE731,Honeywell
TFE731-40-1C,TFE731,Honeywell
TFE731-40R-200G,TFE731,Honeywell
TFE731-4R-2S,TFE731,Honeywell
TFE731-5BR-1C,TFE731,Honeywell
TFE731-5BR-1H,TFE731,Honeywell
TFE731-60-1C,TFE731,Honeywell
TPE331-10-535S,TPE331,Honeywell
TPE331-10AV,TPE331,Honeywell
TPE331-10GP-511D,TPE331,Honeywell
TPE331-10N,TPE331,Honeywell
TPE331-10N-512S,TPE331,Honeywell
TPE331-10N-515S,TPE331,Honeywell
TPE331-10R-512C,TPE331,Honeywell
TPE331-10T,TPE331,Honeywell
TPE331-12JR (CE208A),TPE331,Honeywell
TPE331-12JR (CE208B),TPE331,Honeywell
TPE331-12JR-701C,TPE331,Honeywell
TPE331-14GR,TPE331,Honeywell
TPE331-14GR-801,TPE331,Honeywell
TPE331-5-252D,TPE331,Honeywell
TRENT 1000-A,Trent 1000,Rolls-Royce
TRENT 1000-D,Trent 1000,Rolls-Royce
TRENT 1000-J,Trent 1000,Rolls-Royce
TRENT 1000-K,Trent 1000,Rolls-Royce
TRENT 1000-TEN,Trent 1000,Rolls-Royce
TRENT 553-61,Trent 500,Rolls-Royce
TRENT 553A2-61,Trent 500,Rolls-Royce
TRENT 556-61,Trent 500,Rolls-Royce
TRENT 556A2-61,Trent 500,Rolls-Royce
TRENT 7000-72,Trent 7000,Rolls-Royce
TRENT 768-60,Trent 700,Rolls-Royce
TRENT 772-60,Trent 700,Rolls-Royce
TRENT 772B-60,Trent 700,Rolls-Royce
TRENT 772C-60,Trent 700,Rolls-Royce
TRENT 875-17,Trent 800,Rolls-Royce
TRENT 877-17,Trent 800,Rolls-Royce
TRENT 884,Trent 800,Rolls-Royce
TRENT 884-17,Trent 800,Rolls-Royce
TRENT 892,Trent 800,Rolls-Royce
TRENT 892-17,Trent 800,Rolls-Royce
TRENT 892B,Trent 800,Rolls-Royce
TRENT 892B-17,Trent 800,Rolls-Royce
TRENT 895,Trent 800,Rolls-Royce
TRENT 895-17,Trent 800,Rolls-Royce
TRENT 970-84,Trent 900,Rolls-Royce
TRENT 972-84,Trent 900,Rolls-Royce
TRENT 972E-84,Trent 900,Rolls-Royce
TRENT XWB-75,Trent XWB,Rolls-Royce
TRENT XWB-84,Trent XWB,Rolls-Royce
TRENT XWB-87,Trent XWB,Rolls-Royce
TRENT XWB-97,Trent XWB,Rolls-Royce
WJ-5A-1,WJ,Dongan Engine Mfr Co.
WJ-6,WJ6,Zhuzhou South Aero-Engine Co.
WJ-6A,WJ6,Zhuzhou South Aero-Engine Co.
WJ-6C,WJ6,Zhuzhou South Aero-Engine Co.
WJ-9,WH,Zhuzhou South Aero-Engine Co.
